actorId,common_movies,connection,primaryName,averRating,p_index,gender,popularity
nm0000093,"['The Mexican', 'Twelve Monkeys', 'Sinbad: Legend of the Seven Seas', 'None', '12 Years a Slave', 'Snatch', ""Ocean's Twelve"", 'Mr. & Mrs. Smith', ""Ocean's Twelve"", 'Fight Club', ""Ocean's Eleven"", 'Se7en', ""The Devil's Own"", 'Interview with the Vampire: The Vampire Chronicles', 'Moneyball', 'Babel', 'The Tree of Life']","['J.K. Simmons', 'Bruce Willis', 'Michelle Pfeiffer', 'Brad Pitt', 'Michael Fassbender', 'Jason Statham', 'Julia Roberts', 'Angelina Jolie', 'George Clooney', 'Edward Norton', 'Matt Damon', 'Morgan Freeman', 'Harrison Ford', 'Tom Cruise', 'Robin Wright', 'Cate Blanchett', 'Jessica Chastain']",Brad Pitt,6.480000000000002,46,2,13.046934
nm0000158,"['The Ladykillers', 'The Bonfire of the Vanities', 'Catch Me If You Can', 'Extremely Loud & Incredibly Close', ""Charlie Wilson's War"", 'Angels & Demons', 'The Circle', 'Saving Private Ryan', 'None', 'Forrest Gump', 'That Thing You Do!']","['J.K. Simmons', 'Bruce Willis', 'Leonardo DiCaprio', 'Sandra Bullock', 'Julia Roberts', 'Ewan McGregor', 'Emma Watson', 'Matt Damon', 'Tom Hanks', 'Robin Wright', 'Charlize Theron']",Tom Hanks,6.144444444444448,36,2,10.635981
nm0000148,"['What Lies Beneath', ""The Devil's Own"", 'Morning Glory', 'Patriot Games', 'Cowboys & Aliens', 'Paranoia', 'None', 'Indiana Jones and the Last Crusade', 'Indiana Jones and the Kingdom of the Crystal Skull']","['Michelle Pfeiffer', 'Brad Pitt', 'Rachel McAdams', 'Sean Bean', 'Daniel Craig', 'Gary Oldman', 'Harrison Ford', 'Sean Connery', 'Cate Blanchett']",Harrison Ford,6.761363636363638,34,2,14.419894
nm0000354,"['Jason Bourne', 'The Rainmaker', 'Dogma', 'All the Pretty Horses', ""Ocean's Eleven"", 'Ponyo', 'The Departed', 'We Bought a Zoo', ""Ocean's Eleven"", 'The Good Shepherd', 'The Brothers Grimm', 'The Monuments Men', 'Rounders', 'Margaret', 'None', 'True Grit', 'The Legend of Bagger Vance', 'Invictus', 'The Departed', 'Saving Private Ryan', 'Ponyo', 'The Legend of Bagger Vance', 'The Martian']","['Alicia Vikander', 'Claire Danes', 'Ben Affleck', 'Penélope Cruz', 'Brad Pitt', 'Liam Neeson', 'Leonardo DiCaprio', 'Scarlett Johansson', 'Julia Roberts', 'Angelina Jolie', 'Monica Bellucci', 'George Clooney', 'Edward Norton', 'Mark Ruffalo', 'Matt Damon', 'Josh Brolin', 'Will Smith', 'Morgan Freeman', 'Mark Wahlberg', 'Tom Hanks', 'Cate Blanchett', 'Charlize Theron', 'Jessica Chastain']",Matt Damon,6.413461538461537,33,2,11.599721
nm0000151,"['The Sum of All Fears', 'RED', 'Se7en', 'Lucy', 'Wanted', 'Under Suspicion', 'Transcendence', 'Invictus', 'Angel Has Fallen', 'None', 'Oblivion', 'Million Dollar Baby', 'Bruce Almighty', 'Chain Reaction', 'Moll Flanders', 'Outbreak', 'Wanted']","['Ben Affleck', 'Bruce Willis', 'Brad Pitt', 'Scarlett Johansson', 'Angelina Jolie', 'Monica Bellucci', 'Johnny Depp', 'Matt Damon', 'Gerard Butler', 'Morgan Freeman', 'Tom Cruise', 'Clint Eastwood', 'Jennifer Aniston', 'Keanu Reeves', 'Robin Wright', 'Dustin Hoffman', 'James McAvoy']",Morgan Freeman,6.208823529411763,31,2,14.354621
nm0000129,"['Vanilla Sky', 'Interview with the Vampire: The Vampire Chronicles', 'War of the Worlds', 'Collateral', 'Oblivion', 'None', 'Rain Man']","['Penélope Cruz', 'Brad Pitt', 'Dakota Fanning', 'Mark Ruffalo', 'Morgan Freeman', 'Tom Cruise', 'Dustin Hoffman']",Tom Cruise,6.370731707317072,29,2,12.017384
nm0000138,"['Romeo + Juliet', ""What's Eating Gilbert Grape"", 'Shutter Island', 'The Man in the Iron Mask', 'The Departed', 'The Aviator', 'The Departed', 'Catch Me If You Can', 'None', 'The Revenant']","['Claire Danes', 'Johnny Depp', 'Mark Ruffalo', 'Jeremy Irons', 'Matt Damon', 'Cate Blanchett', 'Mark Wahlberg', 'Tom Hanks', 'Leonardo DiCaprio', 'Tom Hardy']",Leonardo DiCaprio,5.691428571428572,26,2,12.713358
nm0001570,"['None', 'Rounders', 'Motherless Brooklyn', 'The Italian Job', 'Collateral Beauty', 'Fight Club', 'Stone', 'Everyone Says I Love You', 'The Italian Job']","['Edward Norton', 'Matt Damon', 'Bruce Willis', 'Charlize Theron', 'Will Smith', 'Brad Pitt', 'Milla Jovovich', 'Julia Roberts', 'Mark Wahlberg']",Edward Norton,6.903846153846158,25,2,10.252544
nm0000246,"['Armageddon', 'None', 'The Story of Us', 'Twelve Monkeys', 'Sin City', 'A Good Day to Die Hard', 'Glass', 'The Fifth Element', 'Tears of the Sun', 'The Fifth Element', 'Pulp Fiction', 'Motherless Brooklyn', 'RED', 'The Cold Light of Day', 'The Bonfire of the Vanities', 'Unbreakable', 'Die Hard with a Vengeance', 'Billy Bathgate', 'Bandits', 'Glass']","['Ben Affleck', 'Bruce Willis', 'Michelle Pfeiffer', 'Brad Pitt', 'Jessica Alba', 'Mary Elizabeth Winstead', 'Samuel L. Jackson', 'Milla Jovovich', 'Monica Bellucci', 'Gary Oldman', 'John Travolta', 'Edward Norton', 'Morgan Freeman', 'Henry Cavill', 'Tom Hanks', 'Robin Wright', 'Jeremy Irons', 'Dustin Hoffman', 'Cate Blanchett', 'James McAvoy']",Bruce Willis,5.499999999999999,25,2,10.646661
nm0000136,"['Pirates of the Caribbean: On Stranger Tides', 'Dark Shadows', 'Charlie and the Chocolate Factory', ""What's Eating Gilbert Grape"", 'The Tourist', 'Donnie Brasco', 'Mortdecai', 'Once Upon a Time in Mexico', 'None', 'Edward Scissorhands', 'Transcendence', 'Black Mass', ""The Astronaut's Wife"", 'Sherlock Gnomes', 'Dark Shadows']","['Penélope Cruz', 'Michelle Pfeiffer', 'Freddie Highmore', 'Leonardo DiCaprio', 'Angelina Jolie', 'Al Pacino', 'Ewan McGregor', 'Salma Hayek', 'Johnny Depp', 'Winona Ryder', 'Morgan Freeman', 'Benedict Cumberbatch', 'Charlize Theron', 'James McAvoy', 'Eva Green']",Johnny Depp,5.885714285714285,25,2,18.74143
nm0000199,"['Jack and Jill', 'Scarface', 'None', 'Donnie Brasco', ""The Devil's Advocate"", 'The Merchant of Venice', ""The Devil's Advocate""]","['Adam Sandler', 'Michelle Pfeiffer', 'Al Pacino', 'Johnny Depp', 'Keanu Reeves', 'Jeremy Irons', 'Charlize Theron']",Al Pacino,6.465957446808512,25,2,9.120304
nm0000375,"['Air America', 'Gothika', 'Avengers: Age of Ultron', 'None', 'Sherlock Holmes: A Game of Shadows', 'Zodiac', 'Chef', 'Avengers: Age of Ultron', 'A Scanner Darkly', 'Avengers: Age of Ultron', 'A Scanner Darkly', 'The Singing Detective', 'Chef']","['Mel Gibson', 'Penélope Cruz', 'Chris Hemsworth', 'Robert Downey Jr.', 'Rachel McAdams', 'Jake Gyllenhaal', 'Scarlett Johansson', 'Mark Ruffalo', 'Winona Ryder', 'Chris Evans', 'Keanu Reeves', 'Robin Wright', 'Dustin Hoffman']",Robert Downey Jr.,5.944,24,2,16.527445
nm0000168,"['Changing Lanes', 'Kong: Skull Island', 'Glass', 'Star Wars: Episode III - Revenge of the Sith', 'A Time to Kill', 'Captain America: The Winter Soldier', 'None', 'No Good Deed', 'Star Wars: Episode III - Revenge of the Sith', ""The Hitman's Bodyguard"", 'Pulp Fiction', 'The Hateful Eight', 'Old Boy', 'xXx: State of the Union', 'Captain America: The Winter Soldier', 'xXx', 'Unbreakable', 'Die Hard with a Vengeance', 'Sphere', 'Glass', ""Miss Peregrine's Home for Peculiar Children"", 'Amos & Andrew']","['Ben Affleck', 'Tom Hiddleston', 'Bruce Willis', 'Natalie Portman', 'Sandra Bullock', 'Scarlett Johansson', 'Samuel L. Jackson', 'Milla Jovovich', 'Ewan McGregor', 'Gary Oldman', 'John Travolta', 'Jennifer Jason Leigh', 'Josh Brolin', 'Ice Cube', 'Chris Evans', 'Vin Diesel', 'Robin Wright', 'Jeremy Irons', 'Dustin Hoffman', 'James McAvoy', 'Eva Green', 'Nicolas Cage']",Samuel L. Jackson,5.570370370370371,23,2,12.762979
nm0000123,"['One Fine Day', ""Ocean's Twelve"", 'Batman & Robin', 'Gravity', 'The Perfect Storm', 'Up in the Air', ""Ocean's Eleven"", 'None', 'The Men Who Stare at Goats', 'The Monuments Men', 'Hail, Caesar!', 'Three Kings', 'The Perfect Storm', 'Welcome to Collinwood', 'The Good German']","['Michelle Pfeiffer', 'Brad Pitt', 'Arnold Schwarzenegger', 'Sandra Bullock', 'Diane Lane', 'Anna Kendrick', 'Julia Roberts', 'George Clooney', 'Ewan McGregor', 'Matt Damon', 'Josh Brolin', 'Ice Cube', 'Mark Wahlberg', 'Sam Rockwell', 'Cate Blanchett']",George Clooney,6.494285714285716,22,2,8.834375
nm0914612,"['None', 'Harry Potter and the Deathly Hallows: Part 1', 'The Tale of Despereaux', 'The Circle']","['Emma Watson', 'Daniel Radcliffe', 'Dustin Hoffman', 'Tom Hanks']",Emma Watson,6.98,20,1,9.403018
nm0413168,"['The Greatest Showman', 'Prisoners', 'None', 'Deception', 'The Front Runner', 'Swordfish', 'Scoop', 'X-Men: Days of Future Past']","['Zac Efron', 'Jake Gyllenhaal', 'Hugh Jackman', 'Ewan McGregor', 'J.K. Simmons', 'John Travolta', 'Scarlett Johansson', 'James McAvoy']",Hugh Jackman,5.782857142857143,19,2,16.229675
nm0000198,"['Dawn of the Planet of the Apes', 'The Fifth Element', 'Léon: The Professional', ""The Hitman's Bodyguard"", 'The Fifth Element', 'Child 44', 'None', ""Bram Stoker's Dracula"", 'Hunter Killer', 'Paranoia', ""Bram Stoker's Dracula"", 'State of Grace']","['Andy Serkis', 'Bruce Willis', 'Natalie Portman', 'Samuel L. Jackson', 'Milla Jovovich', 'Tom Hardy', 'Gary Oldman', 'Winona Ryder', 'Gerard Butler', 'Harrison Ford', 'Keanu Reeves', 'Robin Wright']",Gary Oldman,6.317021276595745,19,2,13.74303
nm0000191,"['Son of a Gun', 'Star Wars: Episode III - Revenge of the Sith', 'Star Wars: Episode I - The Phantom Menace', 'Haywire', 'The Island', 'Star Wars: Episode III - Revenge of the Sith', 'American Pastoral', 'Deception', 'The Men Who Stare at Goats', 'None', 'Mortdecai', 'The Ghost Writer', 'Angels & Demons', 'Perfect Sense']","['Alicia Vikander', 'Natalie Portman', 'Liam Neeson', 'Michael Fassbender', 'Scarlett Johansson', 'Samuel L. Jackson', 'Dakota Fanning', 'Hugh Jackman', 'George Clooney', 'Ewan McGregor', 'Johnny Depp', 'Pierce Brosnan', 'Tom Hanks', 'Eva Green']",Ewan McGregor,6.220689655172415,19,2,9.119134
nm0000553,"['Star Wars: Episode I - The Phantom Menace', 'The Nut Job', 'None', 'Gun Shy', 'Mark Felt: The Man Who Brought Down the White House', 'Michael Collins', 'Star Wars: Episode I - The Phantom Menace', 'The Prophet', 'Ponyo', 'Seraphim Falls', 'The Dead Pool', 'Ponyo', 'A Million Ways to Die in the West', 'Kingdom of Heaven']","['Natalie Portman', 'Katherine Heigl', 'Liam Neeson', 'Sandra Bullock', 'Diane Lane', 'Julia Roberts', 'Ewan McGregor', 'Salma Hayek', 'Matt Damon', 'Pierce Brosnan', 'Clint Eastwood', 'Cate Blanchett', 'Charlize Theron', 'Eva Green']",Liam Neeson,5.609210526315789,19,2,10.069337
nm0424060,"['The Other Boleyn Girl', 'Chef', 'None', 'Captain America: The Winter Soldier', 'Scoop', 'The Island', 'A Love Song for Bobby Long', 'We Bought a Zoo', 'Lucy', 'Captain America: The Winter Soldier', 'Chef']","['Natalie Portman', 'Robert Downey Jr.', 'Scarlett Johansson', 'Samuel L. Jackson', 'Hugh Jackman', 'Ewan McGregor', 'John Travolta', 'Matt Damon', 'Morgan Freeman', 'Chris Evans', 'Dustin Hoffman']",Scarlett Johansson,5.6923076923076925,18,1,19.558434
nm1046097,"['Southpaw', 'Doctor Strange', 'A Most Wanted Man', 'Spotlight', 'Aloha', 'To the Wonder', 'Sherlock Holmes: A Game of Shadows', 'None', 'Morning Glory']","['Jake Gyllenhaal', 'Benedict Cumberbatch', 'Robin Wright', 'Mark Ruffalo', 'Emma Stone', 'Ben Affleck', 'Robert Downey Jr.', 'Rachel McAdams', 'Harrison Ford']",Rachel McAdams,6.6285714285714326,18,1,9.174288
nm0262635,"['Street Kings', 'Sunshine', 'Captain America: The Winter Soldier', 'Avengers: Age of Ultron', 'Fierce People', 'Captain America: The Winter Soldier', 'The Iceman', 'The Losers', 'Avengers: Age of Ultron', 'London', 'None', 'Fantastic 4: Rise of the Silver Surfer', 'Avengers: Age of Ultron', 'The Iceman', 'Push', 'The Iceman']","['Keanu Reeves', 'Rose Byrne', 'Scarlett Johansson', 'Mark Ruffalo', 'Diane Lane', 'Samuel L. Jackson', 'Winona Ryder', 'Idris Elba', 'Chris Hemsworth', 'Jason Statham', 'Chris Evans', 'Jessica Alba', 'Robert Downey Jr.', 'James Franco', 'Dakota Fanning', 'Michael Shannon']",Chris Evans,6.166666666666668,18,2,12.492794
nm0000242,"['Patriots Day', 'Der Weg des Ruhms', ""Daddy's Home 2"", 'Der Weg des Ruhms', 'The Departed', 'The Perfect Storm', 'The Perfect Storm', 'Pain & Gain', 'Instant Family', 'The Italian Job', 'The Departed', 'Three Kings', 'None', 'Rock Star', 'The Italian Job']","['J.K. Simmons', 'Adam Sandler', 'Mel Gibson', 'Penélope Cruz', 'Leonardo DiCaprio', 'Diane Lane', 'George Clooney', 'Dwayne Johnson', 'Rose Byrne', 'Edward Norton', 'Matt Damon', 'Ice Cube', 'Mark Wahlberg', 'Jennifer Aniston', 'Charlize Theron']",Mark Wahlberg,5.742222222222222,17,2,11.390505
nm0000204,"['Thor', 'Thor', 'None', 'Star Wars: Episode I - The Phantom Menace', 'Song to Song', 'Brothers', 'The Other Boleyn Girl', 'Star Wars: Episode III - Revenge of the Sith', 'Closer', 'Star Wars: Episode III - Revenge of the Sith', 'Léon: The Professional', 'Annihilation', 'Black Swan', ""Mr. Magorium's Wonder Emporium"", 'Knight of Cups', 'Your Highness']","['Tom Hiddleston', 'Chris Hemsworth', 'Natalie Portman', 'Liam Neeson', 'Michael Fassbender', 'Jake Gyllenhaal', 'Scarlett Johansson', 'Samuel L. Jackson', 'Julia Roberts', 'Ewan McGregor', 'Gary Oldman', 'Jennifer Jason Leigh', 'Winona Ryder', 'Dustin Hoffman', 'Cate Blanchett', 'James Franco']",Natalie Portman,5.588888888888887,17,1,12.912133
nm0000142,"['The Dead Pool', 'Million Dollar Baby', 'None']","['Liam Neeson', 'Morgan Freeman', 'Clint Eastwood']",Clint Eastwood,6.8230769230769255,17,2,8.399286
nm0000115,"['Astro Boy', ""Captain Corelli's Mandolin"", 'Astro Boy', 'National Treasure', 'The Croods 2', 'Amos & Andrew', 'Ghost Rider: Spirit of Vengeance', 'The Ant Bully', 'Gone in Sixty Seconds', 'Knowing', 'Kick-Ass', 'Face/Off', 'Matchstick Men', 'The Rock', 'Lord of War', 'Astro Boy', 'None']","['Kristen Bell', 'Penélope Cruz', 'Freddie Highmore', 'Sean Bean', 'Emma Stone', 'Samuel L. Jackson', 'Idris Elba', 'Julia Roberts', 'Angelina Jolie', 'Rose Byrne', 'Chloë Grace Moretz', 'John Travolta', 'Sam Rockwell', 'Sean Connery', 'Jared Leto', 'Charlize Theron', 'Nicolas Cage']",Nicolas Cage,5.589024390243901,16,2,13.367778
nm0749263,"['13 Going on 30', 'Thor: Ragnarok', 'Avengers: Age of Ultron', 'Avengers: Age of Ultron', 'Spotlight', 'Shutter Island', 'Zodiac', 'None', 'Margaret', 'In the Cut', 'Avengers: Age of Ultron', 'Collateral', 'Rumor Has It...', 'Thor: Ragnarok']","['Andy Serkis', 'Tom Hiddleston', 'Chris Hemsworth', 'Robert Downey Jr.', 'Rachel McAdams', 'Leonardo DiCaprio', 'Jake Gyllenhaal', 'Mark Ruffalo', 'Matt Damon', 'Jennifer Jason Leigh', 'Chris Evans', 'Tom Cruise', 'Jennifer Aniston', 'Cate Blanchett']",Mark Ruffalo,6.263888888888888,16,2,8.208924
nm0000255,"['The Accountant', 'None', 'Armageddon', 'To the Wonder', 'Forces of Nature', 'Hollywoodland', 'Changing Lanes', 'The Accountant', 'Dogma', 'The Sum of All Fears', 'Batman v Superman: Dawn of Justice', 'Glory Daze', 'The Batman', 'Reindeer Games']","['J.K. Simmons', 'Ben Affleck', 'Bruce Willis', 'Rachel McAdams', 'Sandra Bullock', 'Diane Lane', 'Samuel L. Jackson', 'Anna Kendrick', 'Matt Damon', 'Morgan Freeman', 'Henry Cavill', 'Sam Rockwell', 'Jeremy Irons', 'Charlize Theron']",Ben Affleck,5.655263157894736,15,2,8.795425999999999
nm0000234,"['Astro Boy', 'Flarsky', 'Reindeer Games', 'Head in the Clouds', ""The Huntsman: Winter's War"", 'Astro Boy', 'A Million Ways to Die in the West', 'Snow White and the Huntsman', 'Prometheus', 'Mad Max: Fury Road', ""The Devil's Advocate"", 'Dark Places', ""The Astronaut's Wife"", 'The Italian Job', 'The Legend of Bagger Vance', 'The Legend of Bagger Vance', 'The Italian Job', 'That Thing You Do!', ""The Devil's Advocate"", 'None', 'Atomic Blonde', ""The Huntsman: Winter's War"", 'Astro Boy']","['Kristen Bell', 'Andy Serkis', 'Ben Affleck', 'Penélope Cruz', 'Chris Hemsworth', 'Freddie Highmore', 'Liam Neeson', 'Kristen Stewart', 'Michael Fassbender', 'Tom Hardy', 'Al Pacino', 'Chloë Grace Moretz', 'Johnny Depp', 'Edward Norton', 'Matt Damon', 'Will Smith', 'Mark Wahlberg', 'Tom Hanks', 'Keanu Reeves', 'Charlize Theron', 'James McAvoy', 'Jessica Chastain', 'Nicolas Cage']",Charlize Theron,6.2475,15,1,12.101441
nm0000163,"['The Meyerowitz Stories (New and Selected)', 'Billy Bathgate', ""Mr. Magorium's Wonder Emporium"", 'Chef', 'Moonlight Mile', 'Chef', 'Sphere', 'Hook', 'Kung Fu Panda 2', 'Mad City', 'The Tale of Despereaux', 'Outbreak', 'Kung Fu Panda 2', 'Rain Man', 'None', 'Family Business']","['Adam Sandler', 'Bruce Willis', 'Natalie Portman', 'Robert Downey Jr.', 'Jake Gyllenhaal', 'Scarlett Johansson', 'Samuel L. Jackson', 'Julia Roberts', 'Angelina Jolie', 'John Travolta', 'Emma Watson', 'Morgan Freeman', 'Jackie Chan', 'Tom Cruise', 'Dustin Hoffman', 'Sean Connery']",Dustin Hoffman,6.820930232558139,15,2,9.457977
nm0000705,"['State of Grace', ""She's So Lovely"", 'None', 'Unbreakable', 'The Private Lives of Pippa Lee', 'The Singing Detective', 'Unbreakable', 'White Oleander', 'The Conspirator', 'Moll Flanders', 'Moneyball', 'The Singing Detective', 'A Most Wanted Man', 'Forrest Gump', 'Beowulf']","['Gary Oldman', 'John Travolta', 'Robin Wright', 'Samuel L. Jackson', 'Winona Ryder', 'Mel Gibson', 'Bruce Willis', 'Michelle Pfeiffer', 'James McAvoy', 'Morgan Freeman', 'Brad Pitt', 'Robert Downey Jr.', 'Rachel McAdams', 'Tom Hanks', 'Angelina Jolie']",Robin Wright,6.607142857142858,14,1,9.317412
nm0000206,"['A Scanner Darkly', 'Speed', 'The Modern Ocean', 'Hardball', ""The Devil's Advocate"", ""Bram Stoker's Dracula"", 'A Scanner Darkly', 'Chain Reaction', 'Street Kings', 'None', 'The Gift', ""The Devil's Advocate""]","['Robert Downey Jr.', 'Sandra Bullock', 'Daniel Radcliffe', 'Diane Lane', 'Al Pacino', 'Gary Oldman', 'Winona Ryder', 'Morgan Freeman', 'Chris Evans', 'Keanu Reeves', 'Cate Blanchett', 'Charlize Theron']",Keanu Reeves,5.4696428571428575,14,2,11.468442
nm0000125,"['The Russia House', 'Indiana Jones and the Last Crusade', 'Family Business', 'None', 'The Rock']","['Michelle Pfeiffer', 'Harrison Ford', 'Dustin Hoffman', 'Sean Connery', 'Nicolas Cage']",Sean Connery,6.555932203389831,14,2,10.469287
nm0185819,"['Infamous', 'The Adventures of Tintin', 'None', 'Casino Royale', 'Cowboys & Aliens', 'Layer Cake']","['Sandra Bullock', 'Andy Serkis', 'Daniel Craig', 'Eva Green', 'Harrison Ford', 'Tom Hardy']",Daniel Craig,6.463333333333334,14,2,12.803627
nm0000949,"['Mowgli', 'Thor: Ragnarok', 'Bandits', 'Thor: Ragnarok', 'Knight of Cups', 'Babel', 'Ponyo', 'The Aviator', ""Ocean's 8"", 'Blue Jasmine', 'Pushing Tin', 'The Good German', 'Thor: Ragnarok', 'Ponyo', 'How to Train Your Dragon 2', 'Indiana Jones and the Kingdom of the Crystal Skull', 'The Gift', 'Mowgli', 'None']","['Andy Serkis', 'Tom Hiddleston', 'Bruce Willis', 'Chris Hemsworth', 'Natalie Portman', 'Brad Pitt', 'Liam Neeson', 'Leonardo DiCaprio', 'Sandra Bullock', 'Sally Hawkins', 'Angelina Jolie', 'George Clooney', 'Mark Ruffalo', 'Matt Damon', 'Gerard Butler', 'Harrison Ford', 'Keanu Reeves', 'Benedict Cumberbatch', 'Cate Blanchett']",Cate Blanchett,5.964583333333335,13,1,11.320837
nm0005458,"['Snatch', 'Mechanic: Resurrection', 'None', 'The Expendables 3', 'Furious 7', 'Spy', 'Homefront', 'Ghosts of Mars', 'London', 'Furious 7', 'Homefront']","['Brad Pitt', 'Jessica Alba', 'Jason Statham', 'Sylvester Stallone', 'Dwayne Johnson', 'Rose Byrne', 'Winona Ryder', 'Ice Cube', 'Chris Evans', 'Vin Diesel', 'James Franco']",Jason Statham,5.499999999999997,12,2,12.331521
nm0001191,"['None', 'Der Weg des Ruhms', 'Jack and Jill', 'Grown Ups', 'Mr. Deeds', 'Der Weg des Ruhms', 'Just Go with It', 'The Meyerowitz Stories (New and Selected)']","['Adam Sandler', 'Penélope Cruz', 'Al Pacino', 'Salma Hayek', 'Winona Ryder', 'Mark Wahlberg', 'Jennifer Aniston', 'Dustin Hoffman']",Adam Sandler,5.610256410256411,12,2,8.880203
nm0000226,"['Suicide Squad 2', 'Wild Wild West', 'Gemini Man', 'Collateral Beauty', 'The Legend of Bagger Vance', 'Men in Black 3', 'Suicide Squad', 'The Legend of Bagger Vance', 'None', 'Shark Tale']","['Dwayne Johnson', 'Salma Hayek', 'Mary Elizabeth Winstead', 'Edward Norton', 'Matt Damon', 'Josh Brolin', 'Jared Leto', 'Charlize Theron', 'Will Smith', 'Angelina Jolie']",Will Smith,5.105882352941176,12,2,9.58187
nm0000237,"['Pulp Fiction', 'Hairspray', 'A Love Song for Bobby Long', 'Pulp Fiction', 'Swordfish', 'Be Cool', 'Lonely Hearts', 'None', ""She's So Lovely"", 'Mad City', 'Lonely Hearts', 'Face/Off']","['Bruce Willis', 'Michelle Pfeiffer', 'Scarlett Johansson', 'Samuel L. Jackson', 'Hugh Jackman', 'Dwayne Johnson', 'Salma Hayek', 'John Travolta', 'Robin Wright', 'Dustin Hoffman', 'Jared Leto', 'Nicolas Cage']",John Travolta,5.549999999999999,12,2,8.809541000000003
nm0000154,"['None', 'Tequila Sunrise', 'Machete Kills', 'Air America', 'The Million Dollar Hotel', 'Conspiracy Theory', ""Daddy's Home 2"", 'The Singing Detective']","['Mel Gibson', 'Michelle Pfeiffer', 'Jessica Alba', 'Robert Downey Jr.', 'Milla Jovovich', 'Julia Roberts', 'Mark Wahlberg', 'Robin Wright']",Mel Gibson,5.871111111111111,12,2,9.872829
nm0000216,"['Terminator 3: Rise of the Machines', 'Kung Fury', 'None', 'Escape Plan', 'Batman & Robin', 'Viy 2: Journey to China']","['Claire Danes', 'Michael Fassbender', 'Arnold Schwarzenegger', 'Sylvester Stallone', 'George Clooney', 'Jackie Chan']",Arnold Schwarzenegger,5.156097560975608,11,2,8.396224
nm0000230,"['Escape Plan', 'Demolition Man', 'The Expendables 3', 'None']","['Arnold Schwarzenegger', 'Sandra Bullock', 'Jason Statham', 'Sylvester Stallone']",Sylvester Stallone,5.3574074074074085,11,2,12.190794
nm0350453,"['Brothers', 'Zodiac', 'Southpaw', 'Nocturnal Animals', 'None', 'End of Watch', 'Prisoners', 'Zodiac', 'The Good Girl', 'Rio', 'Moonlight Mile', 'Highway', 'The Division']","['Natalie Portman', 'Robert Downey Jr.', 'Rachel McAdams', 'Michael Shannon', 'Jake Gyllenhaal', 'Anna Kendrick', 'Hugh Jackman', 'Mark Ruffalo', 'Jennifer Aniston', 'Benedict Cumberbatch', 'Dustin Hoffman', 'Jared Leto', 'Jessica Chastain']",Jake Gyllenhaal,5.511428571428571,11,2,9.761988
nm0000293,"['Ca$h', 'None', 'Patriot Games', 'GoldenEye', 'National Treasure']","['Chris Hemsworth', 'Sean Bean', 'Harrison Ford', 'Pierce Brosnan', 'Nicolas Cage']",Sean Bean,6.110810810810813,11,2,11.796318
nm0001401,"['Mr. & Mrs. Smith', 'None', 'The Tourist', 'The Good Shepherd', 'Girl, Interrupted', 'Lara Croft Tomb Raider: The Cradle of Life', 'Shark Tale', 'Wanted', 'Kung Fu Panda 2', 'Beowulf', 'Kung Fu Panda 2', 'Pushing Tin', 'Wanted', 'Gone in Sixty Seconds']","['Brad Pitt', 'Angelina Jolie', 'Johnny Depp', 'Matt Damon', 'Winona Ryder', 'Gerard Butler', 'Will Smith', 'Morgan Freeman', 'Jackie Chan', 'Robin Wright', 'Dustin Hoffman', 'Cate Blanchett', 'James McAvoy', 'Nicolas Cage']",Angelina Jolie,5.532432432432432,11,1,10.784771
nm1055413,"['The Light Between Oceans', 'X-Men: First Class', 'Haywire', ""Assassin's Creed"", 'Jonah Hex', 'The Counselor', 'Prometheus', 'X-Men: First Class', 'Song to Song', '12 Years a Slave', 'None', 'X-Men: Dark Phoenix', 'Blood Creek', 'Kung Fury']","['Alicia Vikander', 'Jennifer Lawrence', 'Ewan McGregor', 'Jeremy Irons', 'Josh Brolin', 'Penélope Cruz', 'Charlize Theron', 'James McAvoy', 'Natalie Portman', 'Brad Pitt', 'Michael Fassbender', 'Jessica Chastain', 'Henry Cavill', 'Arnold Schwarzenegger']",Michael Fassbender,5.85,10,2,11.459877
nm0564215,"['Submergence', 'X-Men: First Class', 'Sherlock Gnomes', 'The Conspirator', 'Victor Frankenstein', 'Glass', 'Glass', 'Atomic Blonde', 'None', 'Wanted', 'X-Men: First Class', 'The Disappearance of Eleanor Rigby: Him', 'Wanted', 'X-Men: Days of Future Past']","['Alicia Vikander', 'Jennifer Lawrence', 'Johnny Depp', 'Robin Wright', 'Daniel Radcliffe', 'Samuel L. Jackson', 'Bruce Willis', 'Charlize Theron', 'James McAvoy', 'Morgan Freeman', 'Michael Fassbender', 'Jessica Chastain', 'Angelina Jolie', 'Hugh Jackman']",James McAvoy,6.151724137931034,10,2,8.434397
nm0000210,"['The Mexican', 'Conspiracy Theory', 'Closer', ""Ocean's Twelve"", ""Valentine's Day"", 'Michael Collins', ""Charlotte's Web"", 'None', ""Ocean's Eleven"", 'Everyone Says I Love You', ""Ocean's Eleven"", ""Charlie Wilson's War"", ""Mother's Day"", 'Confessions of a Dangerous Mind', 'Hook', 'The Ant Bully']","['J.K. Simmons', 'Mel Gibson', 'Natalie Portman', 'Brad Pitt', 'Jessica Alba', 'Liam Neeson', 'Dakota Fanning', 'Julia Roberts', 'George Clooney', 'Edward Norton', 'Matt Damon', 'Tom Hanks', 'Jennifer Aniston', 'Sam Rockwell', 'Dustin Hoffman', 'Nicolas Cage']",Julia Roberts,5.50408163265306,9,1,9.418409
nm0124930,"['The Ugly Truth', 'Machine Gun Preacher', 'RocknRolla', 'Lara Croft Tomb Raider: The Cradle of Life', 'Hunter Killer', 'None', 'Angel Has Fallen', 'Shattered', 'The Bounty Hunter', 'How to Train Your Dragon 2', 'Naya Legend of the Golden Dolphin']","['Katherine Heigl', 'Michael Shannon', 'Idris Elba', 'Angelina Jolie', 'Gary Oldman', 'Gerard Butler', 'Morgan Freeman', 'Pierce Brosnan', 'Jennifer Aniston', 'Cate Blanchett', 'James Franco']",Gerard Butler,5.326829268292681,9,2,9.983768
nm0000201,"['Mother!', 'To Gillian on Her 37th Birthday', 'Tequila Sunrise', 'The Story of Us', 'None', 'Sinbad: Legend of the Seven Seas', 'The Prince of Egypt', 'I Am Sam', 'One Fine Day', 'Scarface', 'Hairspray', 'Dark Shadows', 'A Thousand Acres', 'The Age of Innocence', 'What Lies Beneath', 'White Oleander', 'The Russia House', 'Dark Shadows']","['Jennifer Lawrence', 'Claire Danes', 'Mel Gibson', 'Bruce Willis', 'Michelle Pfeiffer', 'Brad Pitt', 'Sandra Bullock', 'Dakota Fanning', 'George Clooney', 'Al Pacino', 'John Travolta', 'Johnny Depp', 'Jennifer Jason Leigh', 'Winona Ryder', 'Harrison Ford', 'Robin Wright', 'Sean Connery', 'Eva Green']",Michelle Pfeiffer,6.295348837209303,9,1,8.444419
nm0000113,"['Forces of Nature', 'The Prince of Egypt', 'Gun Shy', 'None', 'A Time to Kill', 'Infamous', 'Demolition Man', 'Gravity', 'Extremely Loud & Incredibly Close', 'Speed', ""Ocean's 8""]","['Ben Affleck', 'Michelle Pfeiffer', 'Liam Neeson', 'Sandra Bullock', 'Samuel L. Jackson', 'Daniel Craig', 'Sylvester Stallone', 'George Clooney', 'Tom Hanks', 'Keanu Reeves', 'Cate Blanchett']",Sandra Bullock,5.417777777777778,9,1,9.474703
nm0000213,"['Little Women', 'Mr. Deeds', 'The Age of Innocence', 'Black Swan', 'The Ten', 'A Scanner Darkly', 'The Iceman', 'Homefront', 'Girl, Interrupted', ""Bram Stoker's Dracula"", 'Edward Scissorhands', 'None', 'The Iceman', 'A Scanner Darkly', 'The Private Lives of Pippa Lee', 'The House of the Spirits', 'The Iceman']","['Claire Danes', 'Adam Sandler', 'Michelle Pfeiffer', 'Natalie Portman', 'Jessica Alba', 'Robert Downey Jr.', 'Michael Shannon', 'Jason Statham', 'Angelina Jolie', 'Gary Oldman', 'Johnny Depp', 'Winona Ryder', 'Chris Evans', 'Keanu Reeves', 'Robin Wright', 'Jeremy Irons', 'James Franco']",Winona Ryder,6.005882352941178,8,1,8.388365
nm0004874,"['The Iron Giant', 'Fast Five', 'Guardians of the Galaxy', 'xXx', 'Furious 7', 'None']","['Jennifer Aniston', 'Dwayne Johnson', 'Chris Pratt', 'Samuel L. Jackson', 'Jason Statham', 'Vin Diesel']",Vin Diesel,5.034482758620689,8,2,18.621957
nm1297015,"['La La Land', 'None', 'Aloha', 'The Croods 2']","['J.K. Simmons', 'Emma Stone', 'Rachel McAdams', 'Nicolas Cage']",Emma Stone,5.354545454545455,8,1,8.769131
nm0126284,"['Neighbors', 'None', 'I Love You, Daddy', 'The Meddler', 'Spy', 'Sunshine', 'Instant Family', 'Knowing']","['Zac Efron', 'Rose Byrne', 'Chloë Grace Moretz', 'J.K. Simmons', 'Jason Statham', 'Chris Evans', 'Mark Wahlberg', 'Nicolas Cage']",Rose Byrne,6.21111111111111,8,1,19.728003
nm0290556,"['Rise of the Planet of the Apes', 'Your Highness', 'The Iceman', 'Homefront', 'Future World', 'The Iceman', 'Naya Legend of the Golden Dolphin', 'The Iceman', 'None', 'The Color of Time']","['Andy Serkis', 'Natalie Portman', 'Michael Shannon', 'Jason Statham', 'Milla Jovovich', 'Winona Ryder', 'Gerard Butler', 'Chris Evans', 'James Franco', 'Jessica Chastain']",James Franco,5.0641025641025665,8,2,18.344994
nm0829576,"['Clouds of Sils Maria', 'Snow White and the Huntsman', 'Snow White and the Huntsman', 'None', 'The Runaways', 'The Runaways']","['Chloë Grace Moretz', 'Chris Hemsworth', 'Charlize Theron', 'Kristen Stewart', 'Dakota Fanning', 'Michael Shannon']",Kristen Stewart,5.5862068965517215,7,1,10.070971
nm0000460,"['Birds Like Us', 'The Batman', 'The Batman', 'High-Rise', 'Die Hard with a Vengeance', ""Assassin's Creed"", 'The Man in the Iron Mask', 'Die Hard with a Vengeance', 'The Merchant of Venice', 'The House of the Spirits', 'None']","['Alicia Vikander', 'J.K. Simmons', 'Ben Affleck', 'Tom Hiddleston', 'Bruce Willis', 'Michael Fassbender', 'Leonardo DiCaprio', 'Samuel L. Jackson', 'Al Pacino', 'Winona Ryder', 'Jeremy Irons']",Jeremy Irons,6.262962962962964,7,2,10.06197
nm0000982,"['Hail, Caesar!', 'Old Boy', 'True Grit', 'None', 'Untitled Avengers Movie', 'Men in Black 3', 'Sin City: A Dame to Kill For', 'Jonah Hex', 'George and Tammy']","['George Clooney', 'Samuel L. Jackson', 'Matt Damon', 'Josh Brolin', 'Chris Hemsworth', 'Will Smith', 'Jessica Alba', 'Michael Fassbender', 'Jessica Chastain']",Josh Brolin,5.396774193548388,7,2,11.33634
nm0705356,"['The Modern Ocean', 'Swiss Army Man', 'Harry Potter and the Deathly Hallows: Part 1', 'None', 'Victor Frankenstein']","['Keanu Reeves', 'Mary Elizabeth Winstead', 'Emma Watson', 'Daniel Radcliffe', 'James McAvoy']",Daniel Radcliffe,5.016666666666667,7,2,8.844077
nm1165110,"['Avengers: Age of Ultron', 'Thor', 'Untitled Avengers Movie', 'None', 'Thor: Ragnarok', ""The Huntsman: Winter's War"", 'Thor', 'Avengers: Age of Ultron', 'Avengers: Age of Ultron', 'Snow White and the Huntsman', ""The Huntsman: Winter's War"", '12 Strong', 'Ca$h']","['Mark Ruffalo', 'Tom Hiddleston', 'Josh Brolin', 'Chris Hemsworth', 'Cate Blanchett', 'Charlize Theron', 'Natalie Portman', 'Chris Evans', 'Robert Downey Jr.', 'Kristen Stewart', 'Jessica Chastain', 'Michael Shannon', 'Sean Bean']",Chris Hemsworth,5.4625,7,2,16.196494
nm0004695,"['Some Kind of Beautiful', 'The Ten', 'Sin City: A Dame to Kill For', 'Machete Kills', 'Sin City', 'Mechanic: Resurrection', 'Fantastic 4: Rise of the Silver Surfer', 'None', ""Valentine's Day"", 'Some Kind of Beautiful']","['Salma Hayek', 'Winona Ryder', 'Josh Brolin', 'Mel Gibson', 'Bruce Willis', 'Jason Statham', 'Chris Evans', 'Jessica Alba', 'Julia Roberts', 'Pierce Brosnan']",Jessica Alba,5.647999999999999,7,1,9.392891
nm1631269,"['Neighbors 2: Sorority Rising', 'Laggies', 'I Love You, Daddy', 'None', 'Dark Places', 'Clouds of Sils Maria', 'Texas Killing Fields', 'Kick-Ass']","['Zac Efron', 'Sam Rockwell', 'Rose Byrne', 'Chloë Grace Moretz', 'Charlize Theron', 'Kristen Stewart', 'Jessica Chastain', 'Nicolas Cage']",Chloë Grace Moretz,5.364285714285716,6,1,8.72967
nm1089991,"['Thor: Ragnarok', 'High-Rise', 'Kong: Skull Island', 'None', 'Thor', 'Thor: Ragnarok', 'Thor', 'Crimson Peak']","['Mark Ruffalo', 'Jeremy Irons', 'Samuel L. Jackson', 'Tom Hiddleston', 'Chris Hemsworth', 'Cate Blanchett', 'Natalie Portman', 'Jessica Chastain']",Tom Hiddleston,6.192857142857143,6,2,10.487366
nm2225369,"['None', 'Passengers', 'Mother!', 'X-Men: First Class', 'X-Men: First Class', 'X-Men: Dark Phoenix']","['Jennifer Lawrence', 'Chris Pratt', 'Michelle Pfeiffer', 'James McAvoy', 'Michael Fassbender', 'Jessica Chastain']",Jennifer Lawrence,4.503846153846156,6,1,20.898911
nm0252961,"['None', 'RocknRolla', 'The Losers', ""Molly's Game"", 'Ghost Rider: Spirit of Vengeance']","['Idris Elba', 'Gerard Butler', 'Chris Evans', 'Jessica Chastain', 'Nicolas Cage']",Idris Elba,5.9038461538461515,6,2,9.527709
nm0000329,"['Viy 2: Journey to China', 'Kung Fu Panda 2', 'None', 'Kung Fu Panda 2']","['Arnold Schwarzenegger', 'Angelina Jolie', 'Jackie Chan', 'Dustin Hoffman']",Jackie Chan,5.7700000000000005,6,2,20.511361
nm0000098,"['Just Go with It', 'The Good Girl', 'Cake', ""Mother's Day"", 'Rumor Has It...', 'The Bounty Hunter', 'Bruce Almighty', 'The Iron Giant', 'Rock Star', 'None']","['Adam Sandler', 'Jake Gyllenhaal', 'Anna Kendrick', 'Julia Roberts', 'Mark Ruffalo', 'Gerard Butler', 'Morgan Freeman', 'Vin Diesel', 'Mark Wahlberg', 'Jennifer Aniston']",Jennifer Aniston,5.3315789473684205,6,1,10.206113
nm1567113,"['The Division', 'Woman Walks Ahead', 'X-Men: Dark Phoenix', 'Texas Killing Fields', 'Zero Dark Thirty', 'The Martian', 'Crimson Peak', ""Molly's Game"", 'George and Tammy', ""The Huntsman: Winter's War"", ""The Huntsman: Winter's War"", 'The Disappearance of Eleanor Rigby: Him', 'The Tree of Life', 'The Color of Time', 'X-Men: Dark Phoenix', 'None', 'Take Shelter']","['Jake Gyllenhaal', 'Sam Rockwell', 'Jennifer Lawrence', 'Chloë Grace Moretz', 'Chris Pratt', 'Matt Damon', 'Tom Hiddleston', 'Idris Elba', 'Josh Brolin', 'Chris Hemsworth', 'Charlize Theron', 'James McAvoy', 'Brad Pitt', 'James Franco', 'Michael Fassbender', 'Jessica Chastain', 'Michael Shannon']",Jessica Chastain,5.153333333333333,6,1,8.228729
nm0000112,"['Some Kind of Beautiful', 'Seraphim Falls', 'GoldenEye', 'Survivor', 'The Ghost Writer', 'Some Kind of Beautiful', 'Shattered', 'None']","['Jessica Alba', 'Liam Neeson', 'Sean Bean', 'Milla Jovovich', 'Ewan McGregor', 'Salma Hayek', 'Gerard Butler', 'Pierce Brosnan']",Pierce Brosnan,5.392307692307693,5,2,10.535896
nm1200692,"['Euphoria', 'Perfect Sense', 'Dark Shadows', ""Miss Peregrine's Home for Peculiar Children"", 'Dark Shadows', 'Casino Royale', 'Kingdom of Heaven', 'None']","['Alicia Vikander', 'Ewan McGregor', 'Johnny Depp', 'Samuel L. Jackson', 'Michelle Pfeiffer', 'Daniel Craig', 'Liam Neeson', 'Eva Green']",Eva Green,5.770588235294119,5,1,9.66876
nm0000178,"['Hollywoodland', 'Mark Felt: The Man Who Brought Down the White House', 'Man of Steel', 'None', 'Every Secret Thing', 'The Perfect Storm', 'Fierce People', 'The Perfect Storm', 'Man of Steel', 'Hardball']","['Ben Affleck', 'Liam Neeson', 'Michael Shannon', 'Diane Lane', 'Dakota Fanning', 'George Clooney', 'Chris Evans', 'Mark Wahlberg', 'Henry Cavill', 'Keanu Reeves']",Diane Lane,5.956818181818181,5,1,8.882446
nm0004851,"['Der Weg des Ruhms', 'None', 'Gothika', 'The Counselor', 'Bandidas', 'Pirates of the Caribbean: On Stranger Tides', 'All the Pretty Horses', 'Der Weg des Ruhms', 'Vanilla Sky', 'Head in the Clouds', ""Captain Corelli's Mandolin""]","['Adam Sandler', 'Penélope Cruz', 'Robert Downey Jr.', 'Michael Fassbender', 'Salma Hayek', 'Johnny Depp', 'Matt Damon', 'Mark Wahlberg', 'Tom Cruise', 'Charlize Theron', 'Nicolas Cage']",Penélope Cruz,5.6560000000000015,5,1,9.761514
nm0000492,"['A Thousand Acres', 'Annihilation', 'The Hateful Eight', 'In the Cut', 'None']","['Michelle Pfeiffer', 'Natalie Portman', 'Samuel L. Jackson', 'Mark Ruffalo', 'Jennifer Jason Leigh']",Jennifer Jason Leigh,6.0275000000000025,5,1,9.922198
nm0695435,"['Passengers', 'None', 'Guardians of the Galaxy', 'Zero Dark Thirty']","['Jennifer Lawrence', 'Chris Pratt', 'Vin Diesel', 'Jessica Chastain']",Chris Pratt,5.000000000000001,5,2,10.228799
nm0447695,"['Up in the Air', 'Mike and Dave Need Wedding Dates', 'End of Watch', 'Cake', 'Mr. Right', 'The Accountant', 'The Accountant', 'None']","['George Clooney', 'Zac Efron', 'Jake Gyllenhaal', 'Jennifer Aniston', 'Sam Rockwell', 'J.K. Simmons', 'Ben Affleck', 'Anna Kendrick']",Anna Kendrick,5.4035714285714285,5,1,8.206698
nm0362766,"['The Revenant', 'Child 44', 'Mad Max: Fury Road', 'Layer Cake', 'None']","['Leonardo DiCaprio', 'Gary Oldman', 'Charlize Theron', 'Daniel Craig', 'Tom Hardy']",Tom Hardy,4.197142857142857,5,2,10.616205
nm0266824,"['American Pastoral', 'Every Secret Thing', 'I Am Sam', 'Push', 'The Runaways', 'None', ""Charlotte's Web"", 'War of the Worlds', 'The Runaways']","['Ewan McGregor', 'Diane Lane', 'Michelle Pfeiffer', 'Chris Evans', 'Kristen Stewart', 'Dakota Fanning', 'Julia Roberts', 'Tom Cruise', 'Michael Shannon']",Dakota Fanning,6.2259259259259245,5,1,8.449239
nm0788335,"['12 Strong', 'The Runaways', 'None', 'Nocturnal Animals', 'Man of Steel', 'The Shape of Water', 'The Runaways', 'The Iceman', 'Machine Gun Preacher', 'The Iceman', 'Man of Steel', 'The Current War', 'The Iceman', 'Take Shelter']","['Chris Hemsworth', 'Kristen Stewart', 'Michael Shannon', 'Jake Gyllenhaal', 'Diane Lane', 'Sally Hawkins', 'Dakota Fanning', 'Winona Ryder', 'Gerard Butler', 'Chris Evans', 'Henry Cavill', 'Benedict Cumberbatch', 'James Franco', 'Jessica Chastain']",Michael Shannon,5.94375,5,2,8.529508
nm0000161,"['Grown Ups', 'Bandidas', 'Some Kind of Beautiful', 'The Prophet', 'None', 'Lonely Hearts', 'Once Upon a Time in Mexico', 'Wild Wild West', 'Some Kind of Beautiful', 'Lonely Hearts']","['Adam Sandler', 'Penélope Cruz', 'Jessica Alba', 'Liam Neeson', 'Salma Hayek', 'John Travolta', 'Johnny Depp', 'Will Smith', 'Pierce Brosnan', 'Jared Leto']",Salma Hayek,5.770588235294117,4,1,8.242499
nm0005377,"['Glory Daze', 'Mr. Right', 'Confessions of a Dangerous Mind', 'Welcome to Collinwood', 'Laggies', 'None', 'Woman Walks Ahead', 'Matchstick Men']","['Ben Affleck', 'Anna Kendrick', 'Julia Roberts', 'George Clooney', 'Chloë Grace Moretz', 'Sam Rockwell', 'Jessica Chastain', 'Nicolas Cage']",Sam Rockwell,5.488095238095238,4,2,8.390189
nm0000170,"['The Million Dollar Hotel', 'The Fifth Element', 'No Good Deed', 'None', 'The Fifth Element', 'Stone', 'Survivor', 'Future World']","['Mel Gibson', 'Bruce Willis', 'Samuel L. Jackson', 'Milla Jovovich', 'Gary Oldman', 'Edward Norton', 'Pierce Brosnan', 'James Franco']",Milla Jovovich,5.165625,4,1,9.092948
nm0000132,"['Me and Orson Welles', 'None', 'The Rainmaker', 'Little Women', 'To Gillian on Her 37th Birthday', 'Terminator 3: Rise of the Machines', 'Romeo + Juliet']","['Zac Efron', 'Claire Danes', 'Matt Damon', 'Winona Ryder', 'Michelle Pfeiffer', 'Arnold Schwarzenegger', 'Leonardo DiCaprio']",Claire Danes,6.360000000000001,4,1,9.361316
nm0785227,"['Dawn of the Planet of the Apes', 'None', 'Mowgli', '13 Going on 30', 'Mowgli', 'Flarsky', 'The Adventures of Tintin', 'Rise of the Planet of the Apes']","['Gary Oldman', 'Andy Serkis', 'Benedict Cumberbatch', 'Mark Ruffalo', 'Cate Blanchett', 'Charlize Theron', 'Daniel Craig', 'James Franco']",Andy Serkis,4.824999999999998,4,2,9.053864
nm0147147,"['The Man from U.N.C.L.E.', 'Man of Steel', 'Batman v Superman: Dawn of Justice', 'The Cold Light of Day', 'Blood Creek', 'None', 'Man of Steel']","['Alicia Vikander', 'Diane Lane', 'Ben Affleck', 'Bruce Willis', 'Michael Fassbender', 'Henry Cavill', 'Michael Shannon']",Henry Cavill,4.592307692307692,3,2,18.792114
nm0425005,"['Baywatch', 'Furious 7', 'None', 'Be Cool', 'Suicide Squad 2', 'Fast Five', 'Pain & Gain', 'Suicide Squad 2']","['Zac Efron', 'Jason Statham', 'Dwayne Johnson', 'John Travolta', 'Will Smith', 'Vin Diesel', 'Mark Wahlberg', 'Jared Leto']",Dwayne Johnson,4.06222222222222,3,2,17.492743
nm3729721,['None'],"[""Dylan O'Brien""]",Dylan O'Brien,6.62,3,2,13.21662
nm0001467,"['Highway', 'Suicide Squad 2', 'Lonely Hearts', 'Lonely Hearts', 'None', 'Suicide Squad', 'Lord of War']","['Jake Gyllenhaal', 'Dwayne Johnson', 'Salma Hayek', 'John Travolta', 'Jared Leto', 'Will Smith', 'Nicolas Cage']",Jared Leto,4.435294117647058,3,2,8.229861999999999
nm0001337,"['The Ugly Truth', 'None', 'The Nut Job']","['Gerard Butler', 'Katherine Heigl', 'Liam Neeson']",Katherine Heigl,5.490476190476191,3,1,8.889408
nm1374980,"['None', 'Baywatch', 'Neighbors', 'Neighbors 2: Sorority Rising', 'Me and Orson Welles', 'Mike and Dave Need Wedding Dates', 'The Greatest Showman']","['Zac Efron', 'Dwayne Johnson', 'Rose Byrne', 'Chloë Grace Moretz', 'Claire Danes', 'Anna Kendrick', 'Hugh Jackman']",Zac Efron,5.314285714285715,3,2,10.922287
nm2539953,"['None', 'Son of a Gun', 'The Fifth Estate', 'Birds Like Us', 'Jason Bourne', 'Submergence', 'Euphoria', 'The Light Between Oceans', 'The Man from U.N.C.L.E.']","['Alicia Vikander', 'Ewan McGregor', 'Benedict Cumberbatch', 'Jeremy Irons', 'Matt Damon', 'James McAvoy', 'Eva Green', 'Michael Fassbender', 'Henry Cavill']",Alicia Vikander,5.831818181818181,3,1,9.242971
nm0000899,"['Tears of the Sun', 'None', 'The Brothers Grimm', 'Under Suspicion']","['Bruce Willis', 'Monica Bellucci', 'Matt Damon', 'Morgan Freeman']",Monica Bellucci,5.74,3,1,8.208214
nm0799777,"['None', 'The Accountant', 'The Mexican', 'La La Land', 'The Accountant', 'The Mexican', 'Whiplash', 'The Front Runner', 'The Meddler', 'Patriots Day', 'The Ladykillers', 'The Batman']","['J.K. Simmons', 'Ben Affleck', 'Brad Pitt', 'Emma Stone', 'Anna Kendrick', 'Julia Roberts', 'Melissa Benoist', 'Hugh Jackman', 'Rose Byrne', 'Mark Wahlberg', 'Tom Hanks', 'Jeremy Irons']",J.K. Simmons,5.296666666666667,3,2,8.446339
nm2552034,"['None', 'Whiplash']","['Melissa Benoist', 'J.K. Simmons']",Melissa Benoist,7.633333333333333,3,1,8.366823
nm0068338,"['None', 'Astro Boy', 'Astro Boy', 'Astro Boy']","['Kristen Bell', 'Charlize Theron', 'Freddie Highmore', 'Nicolas Cage']",Kristen Bell,4.766666666666668,2,1,8.435428
nm0383603,"['Astro Boy', 'Charlie and the Chocolate Factory', 'Astro Boy', 'None', 'Astro Boy']","['Kristen Bell', 'Johnny Depp', 'Charlize Theron', 'Freddie Highmore', 'Nicolas Cage']",Freddie Highmore,5.626666666666665,2,2,9.67568
nm0935541,"['None', 'Swiss Army Man', 'A Good Day to Die Hard', 'Gemini Man']","['Mary Elizabeth Winstead', 'Daniel Radcliffe', 'Bruce Willis', 'Will Smith']",Mary Elizabeth Winstead,4.986666666666666,2,1,8.556833000000001
nm1212722,"['The Fifth Estate', 'Rio', 'Mowgli', 'Black Mass', 'None', 'Mowgli', 'Doctor Strange', 'The Current War']","['Alicia Vikander', 'Jake Gyllenhaal', 'Andy Serkis', 'Johnny Depp', 'Benedict Cumberbatch', 'Cate Blanchett', 'Rachel McAdams', 'Michael Shannon']",Benedict Cumberbatch,4.669230769230769,2,2,9.464394
nm1020089,"['None', 'Blue Jasmine', 'The Shape of Water']","['Sally Hawkins', 'Cate Blanchett', 'Michael Shannon']",Sally Hawkins,6.0357142857142865,2,1,14.551704999999998
nm0001084,"['Three Kings', 'xXx: State of the Union', 'None', 'Ghosts of Mars', 'Three Kings']","['George Clooney', 'Samuel L. Jackson', 'Ice Cube', 'Jason Statham', 'Mark Wahlberg']",Ice Cube,4.231428571428572,2,2,8.215408
